name,url,industry,tier,audience,circulation_or_subs,content_types,typical_length,guidelines_url,contact_name,contact_email_or_form,cost,editorial_rules,relevance_1_5,suggested_angle,last_content_date,source_urls,status
NALP The Edge Magazine + Edge blog (National Association of Landscape Professionals),https://blog.landscapeprofessionals.org/,Landscaping,free,"Landscape/lawn care/tree care company owners and managers, NALP members",Magazine is member-only (members count not found); blog open to public,"Magazine features, Business Advice & Stories, Recruiting and Retention, Trends and Technology, ELEVATE session previews",not found,https://www.landscapeprofessionals.org/LP/LP/Media/planet-news.aspx,not found,"NALP HQ, Fairfax VA, 703-736-9666; email obfuscated - see page",Contributed route: not found (no public guidelines located). Paid: 'Advertise with Us' link and 2023 media kit PDF exist (rates not read),"No public contributor or AI policy found. Blog publishes speaker-driven pieces (ELEVATE session previews), so earned route runs via speaking/association relationships. NALP also runs a competing Learning Hub (free technician training for member contractors): position Quinn as complementary (company-specific SOP training) not a replacement.",5,"Pitch ELEVATE/Edge piece: 'Turning your best crew leader's know-how into onboarding: what a 446-person company learned' using White Knight: 446 employees, 226 courses, 97% participation, 96% completion, reported ~$1M/yr technician attrition cost reduction (meetquinn.ai/results/white-knight). NALP blog on 2026-10-06 ran an AI/SOP-automation session preview (Beyond SOPs), showing appetite for the theme.",2026-10-06,masthead/about magazine: https://www.landscapeprofessionals.org/LP/LP/Media/planet-news.aspx (fetched 2026-10-09) | recent article 2026-10-06: https://blog.landscapeprofessionals.org/beyond-sops-how-automation-and-ai-are-redefining-scale-in-the-landscape-industry/ (fetched 2026-10-09) | media kit link: https://www.landscapeprofessionals.org/images/lp/about/documents/NALP_Media_Kit_2023.pdf (fetched 2026-10-09) | Learning Hub: https://www.landscapeprofessionals.org/learninghub (fetched 2026-10-09),verified
"NALP ELEVATE conference (Nov 8-11, 2026, Tampa)",https://www.landscapeprofessionals.org/,Landscaping,free,"Landscape, design-build and lawn care company leaders",not found,"Conference education sessions, speaker interviews on NALP blog",Session,not found,not found,form/email not found,Speaker route: no public 2026 call found (selection process unknown); 2027 call unverified. Exhibit/sponsor costs not found,NALP states education is selected by landscape professionals; practitioner co-presenters (a customer operator) are likely the realistic route. Not an AI-vendor-friendly guarantee: unknown.,4,Propose a 2027 session with a landscaping customer operator on SOP-to-course rollout and ramp time (Quinn benchmark ~40% faster ramp). Ask NALP education team about the 2027 call.,2026-10-06,homepage featured event: https://www.landscapeprofessionals.org/ (fetched 2026-10-09) | ELEVATE blog preview: https://blog.landscapeprofessionals.org/beyond-sops-how-automation-and-ai-are-redefining-scale-in-the-landscape-industry/ (fetched 2026-10-09),verified
Lawn & Landscape (GIE Media),https://www.lawnandlandscape.com/,Landscaping,free,Landscape contractors and lawn care company owners,"not found; site markets magazine, e-newsletters, podcasts, webinars, TMI database (via search snippet only)","Features, news, case studies, podcasts, sponsored podcasts/webinars, Top 100 list, Technology Conference",not found,not found (search found no public guidelines page),not found,form/email not found,"Editorial: not found. Paid: sponsored podcasts, webinars, advertising via media kit (rates not found)","UNRESOLVED/UNVERIFIED: site returned empty text to fetcher, so no policy read. Parent: GIE Media (Valley View, OH) per search results. Sibling exclusivity: GIE also owns Golf Course Industry (and ownership of Landscape Management is unconfirmed, see that row); ask whether a byline in one blocks another. Vendor-neutral and AI policy not found; expect sponsored content to be labeled.",5,"Pitch operations/training feature: 'Why your best crew leaders' knowledge is trapped in their heads' with White Knight: 446 employees, 226 courses, 97% participation, 96% completion, reported ~$1M/yr technician attrition cost reduction (meetquinn.ai/results/white-knight). Also a podcast guest spot; alternative paid sponsored webinar.",2026-07,"parent/about (search snippets only, pages returned empty): https://lawnandlandscape.com/page/lawnlandscape (fetched 2026-10-09) | https://www.lawnandlandscape.com/news/gie-media-to-produce-snow--amp--ice-management-association-publication (search result) | Technology Conference 2026-07-22..24 Phoenix: search result listing",unverified
Landscape Management,https://www.landscapemanagement.net/,Landscaping,free,Landscape contractors and lawn care operators,not found,"Features, news, digital edition; masthead historically welcomes unsolicited articles",not found,not found,not found,form/email not found,not found,Fetch returned http-403 so nothing read. Search shows 2026 issues listed through June 2026. Parent unresolved: historical mastheads show Questex (2011-12) and North Coast Media (2013-14); current owner NOT confirmed (do not assume GIE). Check masthead before pitching both it and Lawn & Landscape.,5,"Same operations/training angle as Lawn & Landscape but pitch only one at a time until parent is confirmed: ramp-time and attrition story from White Knight: 446 employees, 226 courses, 97% participation, 96% completion, reported ~$1M/yr technician attrition cost reduction (meetquinn.ai/results/white-knight).",2026-06,"archive listing (search result, page 403): https://www.landscapemanagement.net/lm-archive/ (fetched 2026-10-09) (http-403) | publisher history: archive.lib.msu.edu/tic/wetrt/article/2012aug63.pdf (search snippet)",unverified
Turf Magazine (Group C Media),https://turfmagazine.com/,Landscaping,free,"Lawn care, landscape and tree care company owners",not found,"Features, 'The Yardstick' business-owner profile, press releases, editorial advisory board",not found,https://turfmagazine.com/want-to-be-featured-in-the-yardstick-business-profile,"Jessica Schwartz, Managing Editor (per search snippet of contact page)",form on Yardstick page; contact page returned http-403,Free (earned). Advertising: not found,"Pages returned http-403 to fetcher, details from search snippets only. Parent: Group C Media (acquired 2018 per 2019 editor's letter; current ownership unconfirmed). Red Bank NJ office, 732.842.7433 (snippet). Press release submission page exists. No AI or vendor policy found.",4,"Yardstick profile of a Quinn landscaping customer (owner-led growth story) or short expert column on 'drift between branches'; use White Knight: 446 employees, 226 courses, 97% participation, 96% completion, reported ~$1M/yr technician attrition cost reduction (meetquinn.ai/results/white-knight).",not found,"contact page: https://turfmagazine.com/contact-us/ (fetched 2026-10-09) (http-403, snippet only) | Yardstick: https://turfmagazine.com/want-to-be-featured-in-the-yardstick-business-profile (fetched 2026-10-09) (http-403)",unverified
Total Landscape Care,https://www.totallandscapecare.com/,Landscaping,free,Professional landscape contractors,not found,"Editor 'Insights' columns, business, technology, workforce management articles",not found,not found,Jack Roberts named as editor in a search result (older article); current editor not found,not found,not found,"http-403 on all pages; nothing read. Founded 2006; a 2010 release names Fusable (Randall-Reilly sister brand) as publisher, current parent unconfirmed. No evidence of contributed-article program.",3,Workforce-management column pitch: faster ramp for seasonal crews (Quinn benchmark ~40%).,not found,about: https://www.totallandscapecare.com/home/article/15034632/about-total-landscape-care (fetched 2026-10-09) (http-403) | ownership snippet: https://fusable.com/?p=1385 (search result),unverified
Green Industry Pros (GreenIndustryPros.com),https://www.greenindustrypros.com/,Landscaping,free,"Landscape, lawn and garden maintenance, outdoor power equipment professionals",not found,"News, equipment reviews, business management",not found,not found,not found,not found,not found,"http-403 on homepage, about, contact, advertise pages; parent not confirmed. Described by Service Autopilot (vendor blog) as a leading lawn care media brand.",3,Business-management guest article on training consistency across branches.,not found,homepage: https://www.greenindustrypros.com/ (fetched 2026-10-09) (http-403) | description: https://www.serviceautopilot.com/lawn-care/lawn-care-magazines/ (fetched 2026-10-09),unverified
Green Industry Podcast (Paul Jamison),https://greenindustrypodcast.libsyn.com/,Landscaping,free,Lawn care and landscape business owners,not found,Podcast interviews with industry leaders; episodes monthly archive back to 2018,30-60 min (not found; assumed none stated),not found,Paul Jamison (host),not found (libsyn page lists no guest form),Free (guest). Sponsorship: not found,"Show description read; no guest policy or AI policy published. Independent host, not tied to a magazine group (no sibling conflict found). Latest episode 2026-10-09 on Equip Expo.",5,"Guest episode: 'How a 446-employee company got 97% participation in training' with White Knight: 446 employees, 226 courses, 97% participation, 96% completion, reported ~$1M/yr technician attrition cost reduction (meetquinn.ai/results/white-knight); avoid sales pitch.",2026-10-09,episode list: https://greenindustrypodcast.libsyn.com/ (fetched 2026-10-09),unverified
Landscaper's Business Growth Podcast (John Giaccotto),https://rephonic.com/podcasts/the-landscapers-business-growth-podcast,Landscaping,free,Landscaping and lawn care owners,not found,Podcast interviews with owners/experts,45-57 min,not found,John Giaccotto (host),not found (listed on Rephonic only),Free guest; not found,"Only aggregator page read; newest episode shown 2024-12-30, so appears inactive (no content within 12 months seen).",2,None until activity confirmed.,2024-12-30,aggregator: https://rephonic.com/podcasts/the-landscapers-business-growth-podcast (fetched 2026-10-09),inactive
Arborist News (ISA) - tree care adjacent,https://www.isa-arbor.com/Publications/Arborist-News,Landscaping,free,"Arborists and tree care professionals; ISA >20,000 members","ISA >20,000 members (advertising page); bimonthly print+digital","Feature articles, Continuing Education (with 20-question quiz), Climbers' Corner, Simply Safe","Features 1,500-3,000 words with 3-5 images (per search of ISA author guidelines; PDF not read)",https://www.isa-arbor.com/Newsroom/submit-your-articles-to-arborist-news,Arborist News Editor; email obfuscated - see page,"email obfuscated - see page; mail: PO Box 191, Annapolis Junction MD 20701",Free (submission). Advertising via ISA Media Kit,Open call for all article types posted 2026-03-13. Technical articles need review by at least two people; edited for brevity and style (from guidelines per search). Educational not promotional tone expected; no AI policy found. Tree care is secondary to landscaping core but crews overlap.,3,"Simply Safe or Continuing Education-style piece: turning field safety SOPs into shareable crew briefings and short courses; cite White Knight: 446 employees, 226 courses, 97% participation, 96% completion, reported ~$1M/yr technician attrition cost reduction (meetquinn.ai/results/white-knight) only as a brief example.",2026-09-29,submission call: https://www.isa-arbor.com/Newsroom/submit-your-articles-to-arborist-news (fetched 2026-10-09) | magazine page: https://www.isa-arbor.com/Publications/Arborist-News (fetched 2026-10-09) | advertising: https://www.isa-arbor.com/Publications/Advertising-Opportunities (fetched 2026-10-09) | Oct 2026 issue: https://www.isa-arbor.com/Newsroom/october-issue-of-arborist-news-online-4 (fetched 2026-10-09),verified
Golf Course Industry (GIE Media),https://www.golfcourseindustry.com/,Landscaping,free,Golf course superintendents and turf managers,not found,"Features, annual reader-written 'Turfheads Take Over' issue, audio, digital","600-2,000 words (past 'Turfheads' calls, 2017-2022)",https://www.golfcourseindustry.com/news/golf-industry-writing-for-publication,"Guy Cipriano, editor-in-chief (named in 2022 call, per search); email not verified",not found,Free,"Pages returned empty text; details from search snippets of past calls. Parent GIE Media: sibling of Lawn & Landscape, so coordinate. Golf turf is a weak buyer fit for Quinn.",2,Only if Quinn targets turf crews: reader-written piece on training seasonal crews.,not found,past call: https://www.golfcourseindustry.com/news/golf-industry-writing-for-publication (fetched 2026-10-09) (empty text),unverified
"Equip Exposition (OPEI), Oct 20-23, 2026",https://www.equipexposition.com/,Landscaping,paid,"Landscape contractors, outdoor power equipment dealers","nearly 30,000 attendees in 2025 (search result)","Contractor education, Equip Academy, Dealer Boot Camp, exhibits",not found,not found,not found,not found,Exhibitor application: cost not found,"No speaker call found; education appears curated (Davey Institute, Academy Trained trainers). Events/awards route is mainly paid exhibiting. Successor to GIE+EXPO (verify).",3,Exhibit or sponsor Equip Academy; lead with training-for-crews demo.,2026-10-09,home page: https://www.equipexposition.com/ (fetched 2026-10-09) | attendance: compactequip.com Equip Expo article (search result),unverified
Aspire Software blog (landscape software vendor),https://www.youraspire.com/blog,Landscaping,free,Landscape/commercial field service operators,not found,"Blog, Customer Story, Industry Report, Ignite conference coverage",8 min reads,not found,not found,not found,Free; cost not found,"Vendor blog, no guest policy found; competitor-adjacent software, so expect partner/integration framing rather than guest posts. Ignite 2026 held Oct 7-9, Orlando.",3,Partner webinar or integration content; not a guest byline.,2026-10-08,blog page: https://www.youraspire.com/blog (fetched 2026-10-09),verified
Jobber blog,https://www.jobber.com/blog/,Landscaping,free,Home-service and landscaping small business owners,not found,not found,not found,not found,not found,not found,not found,http-403; nothing read. Likely vendor-controlled content; treat vendor ban/guest policy as unknown.,2,Skip for now.,not found,blog: https://www.jobber.com/blog/ (fetched 2026-10-09) (http-403),unverified
LMN blog,https://www.lmnapp.com/blog,Landscaping,free,Landscape contractors,not found,not found,not found,not found,not found,not found,not found,Page returned empty text; nothing read. Vendor blog; guest policy unknown.,2,Skip for now.,not found,blog: https://www.lmnapp.com/blog (fetched 2026-10-09) (empty),unverified
Greenhouse Grower (Meister Media) - nursery adjacent,https://greenhousegrower.com/,Landscaping,free,Greenhouse and floriculture growers,not found,"Articles, webinars, podcasts, Top 100 Growers",not found,not found,"Kristin Zeit, Group Content Lead (email obfuscated - see page)","form on https://www.greenhousegrower.com/contact/; Meister Media, 4420 Sherwin Rd, Willoughby OH, 1-440-942-2000",Advertise page exists; rates not found,"Controlled-environment growers, a distant fit for landscape contractors. Parent: Meister Media Worldwide U.S. Horticulture Group (siblings include American Nurseryman? unconfirmed). Recent piece on AI in greenhouse business suggests AI appetite.",2,Low priority; only if nursery/growers become a target.,2026-07-21,about: https://www.greenhousegrower.com/about/ (fetched 2026-10-09) | contact: https://www.greenhousegrower.com/contact/ (fetched 2026-10-09),verified
American Nurseryman,https://americannursery.com/,Landscaping,free,"Nursery, garden center and landscape plant professionals",not found,not found,not found,not found,not found,not found,not found,Page returned empty text; nothing read.,1,Low priority.,not found,home: https://americannursery.com/ (fetched 2026-10-09) (empty),unverified
Irrigation Today (Irrigation Association),https://irrigationtoday.org/,Landscaping,free,Agricultural irrigation users and dealers,not found,"Magazine, news, 'Our Experts'",not found,not found,not found,not found,Advertise link exists; rates not found,"Content is agricultural irrigation, not landscape contractors; poor fit.",1,Skip.,2026-05-15,home: https://irrigationtoday.org/ (fetched 2026-10-09),unverified
Grounds Maintenance,https://www.groundsmaintenance.com/,Landscaping,free,(former landscape grounds magazine),not found,not found,not found,not found,not found,not found,not found,Domain is now a premium domain for sale (DomainMarket); no publication content.,1,Not applicable.,not found,https://www.groundsmaintenance.com/ (fetched 2026-10-09),inactive
LawnSite forum,https://www.lawnsite.com/,Landscaping,free,"Lawn care/landscape professionals and enthusiasts (7.2M posts, 252K members)",252K members (site),Forum threads,n/a,not found,not found,login required,Free,Community forum with affiliate-link disclosure; promotional posts by vendors likely restricted but rules not read. Not a byline channel.,2,Participate as an expert for credibility; no pitch.,2026-10-09,home: https://www.lawnsite.com/ (fetched 2026-10-09),unverified
