"name","url","industry","tier","audience","circulation_or_subs","content_types","typical_length","guidelines_url","contact_name","contact_email_or_form","cost","editorial_rules","relevance_1_5","suggested_angle","last_content_date","source_urls","status"
"CONTRACTOR (Contractor Magazine)","https://www.contractormag.com","Mechanical Contracting","free","Plumbing, hydronic and mechanical systems owners/operators, administrators, technicians, system designers (res and commercial/industrial)","not found (free to qualified pros; media kit at buildings.endeavorb2b.com/contractor not read)","Case studies; Best Practices columns; thought leadership; news analysis; whitepapers; galleries; Book of Giants conversations with larger mechanical contractors; Under 30 All-Stars","Case studies 800-1,500 words; Best Practices 800-1,100; thought leadership 800-1,500","https://www.contractormag.com/contributors-guidelines","Steve Spaulding (Editor-in-Chief); Mike Eby (Group Editorial Director)","obfuscated - see page (about-us page)","Free (non-promotional contributed). Paid sponsored content exists (/sponsored); pricing not found","Exclusive to CONTRACTOR. SIBLING/PARENT: Endeavor Business Media (same as Contracting Business, HPAC Engineering) - pitch one outlet at a time per topic. No more than 20% AI-generated content (AI allowed for research). Avoid commercial language/unsubstantiated claims; may mention brands/software but focus must be contractor; signed contributor agreement required; 50-75 word bio + headshot","5","Case study / Best Practices: how a 446-employee contractor (White Knight) turned SOPs into 226 courses at 97% participation and ~$1M/yr lower technician attrition cost - framed as a mechanical contractor's playbook for onboarding and knowledge transfer; keep hands-on, contractor-centered, no 'best in class' claims","2026-06-10","guidelines: https://www.contractormag.com/contributors-guidelines (fetched 2026-10-09) | about/editors/AI limit: https://www.contractormag.com/about-us (fetched 2026-10-09) | recency: https://www.contractormag.com (fetched 2026-10-09) (newest explicit date seen 2026-06-10; homepage shows current content)","verified"
"Construction Executive (ABC)","https://www.constructionexec.com","Mechanical Contracting","free","Nonresidential contractors and related construction professionals (CPAs, attorneys, suppliers); Associated Builders and Contractors magazine","not found (media kit link exists, not read)","Contributed non-branded educational articles; Nuts + Bolts; webinars; sponsored content; Top Lists","900-1,200 words","https://www.constructionexec.com/editorial-guidelines/","Editor","editor@constructionexec.com","Free (does not pay for contributed content); sponsored content section is paid, pricing not found","Pitch idea to editor first. Exclusive to CE (no reprints elsewhere). Non-branded, educational, third person, AP style. Max 2 print or 12 digital articles per author/company per year. CE retains rights. Parent: ABC (Associated Builders and Contractors). No explicit AI or vendor policy found","4","Workforce development / training byline (Workforce, Training categories): 'Why SOPs trapped in senior techs' heads cost contractors a year of ramp time' using White Knight metrics and Quinn ~40% faster ramp benchmark; third-person, non-branded","2026-10-07","guidelines: https://www.constructionexec.com/editorial-guidelines/ (fetched 2026-10-09) | recency: https://www.constructionexec.com (fetched 2026-10-09)","verified"
"Contracting Business","https://www.contractingbusiness.com","Mechanical Contracting","free","Owners, managers, technicians at residential/commercial HVACR businesses (plus HVACR distribution managers); commercial HVAC/IAQ readers overlap mechanical contractors","not found","Case studies; technical articles; Best Practices; thought leadership; news/products; Contracting Business Success; HVAC Chats podcast","Case studies 800-1,500; technical 800-1,200; Best Practices 800-1,100; thought leadership 800-1,500","https://www.contractingbusiness.com/contributors-guidelines","Nicole Krawcke (pitch contact per guidelines)","obfuscated - see page","Free (contributed)","Prefers articles by contractors for contractors; must be exclusive within HVACR trade press. SIBLING/PARENT: Endeavor Business Media (CONTRACTOR, HPAC Engineering) - coordinate. Technical/BP/thought leadership must be product-neutral. AI: must disclose Gen AI use; max 20% AI-derived; add AI-assistance note. Pitch by email with role and outline","4","Best Practices: 'Callbacks and inconsistency across branches: building a readiness score by technician' with Quinn readiness-scoring concept and 94% completion; or pitch a customer co-byline (contractors preferred)","2026-10","guidelines: https://www.contractingbusiness.com/contributors-guidelines (fetched 2026-10-09) | recency: https://www.contractingbusiness.com (fetched 2026-10-09) (homepage current; exact article dates not extracted)","verified"
"ACHR NEWS (guest columns)","https://www.achrnews.com","Mechanical Contracting","free","HVACR contractors and technicians (residential, commercial, institutional); weekly news magazine","'thousands of subscribers' (exact not found)","Guest columns; manufacturer case studies/Q&A (online-only); news; letters; sponsored content","Letters max 500 words; guest column length not found; manufacturer pieces no set count","https://www.achrnews.com/submission-guidelines","Maria Taylor (guest column pitches)","mariataylor@achrnews.com; manufacturer pieces dylankurt@achrnews.com","Free (guest column/manufacturer online piece); Sponsored Content paid via rep, pricing not found","Guest columns must be unbiased, product-neutral, exclusive to ACHR NEWS. VENDOR/AI WARNING: 'highly selective' on pitches about AI, business software, digital marketing, lead gen, business management; generally only from authors with significant HVACR experience - lead with a contractor co-author. Manufacturer-written pieces accepted online-only if non-promotional. SIBLING/PARENT: BNP Media (also Plumbing & Mechanical, Engineered Systems) - coordinate","4","Contractor-co-authored guest column on training/ramp (not a product pitch): 'What 226 courses and 96% completion taught a 446-person company about technician turnover'; avoid AI-software framing, lead with trade experience","2026-10","guidelines: https://www.achrnews.com/submission-guidelines (fetched 2026-10-09) | recency/parent: https://www.achrnews.com (fetched 2026-10-09) (homepage; exact article dates not extracted)","verified"
"ACHR NEWS NEWSmakers Podcast","https://www.achrnews.com/submission-guidelines","Mechanical Contracting","free","HVACR contractors, technicians, manufacturers, distributors, associations, educators","not found","Podcast guest interview","not found","https://www.achrnews.com/submission-guidelines","Dylan Kurt (podcast guest pitches)","dylankurt@achrnews.com","Free","Pitch must name guest, title, HVACR experience and a specific topic; general executive-availability offers are discouraged. Contractors preferred; others considered if timely. BNP Media parent (sibling exclusivity not stated)","4","Guest: Quinn exec + customer ops leader on 'why technician knowledge walks out the door and how a 3-day launch fixed ramp time'","2026-10","podcast guest policy: https://www.achrnews.com/submission-guidelines (fetched 2026-10-09) | podcast listing: https://www.achrnews.com (fetched 2026-10-09)","verified"
"Consulting-Specifying Engineer (CFE Media)","https://www.csemag.com","Mechanical Contracting","free","MEP/fire protection consulting engineers specifying HVAC, plumbing, electrical, fire/life safety, controls for nonresidential buildings","not found (free to qualified subscribers)","Technical feature articles (peer-reviewed); podcast (Ep. 58 latest seen); webcasts; case studies; awards (MEP Giants, 40 Under 40)","not found (case study inside article max 300 words)","https://www.csemag.com/connect/how-to-contribute/contributing-an-article/","Stephanie Neil (VP Editorial Director); Sheri Kasprzak (Executive Editor)","obfuscated - see page (about-us); contribute form at https://www.csemag.com/contribute/","Free (contributed); paid webcasts/sponsored content (pricing not found)","Exclusive; anonymous peer review; no company/manufacturer-focused or endorsing articles (vendor-neutral); permission form to CFE Media. Parent: CFE Media (Arrowfly LLC) - siblings Plant Engineering, Control Engineering. Audience is design engineers, weaker fit for contractor ops","3","Career Smart / training angle (podcast ep. 'younger engineers gaining experience' shows topic interest): vendor-neutral piece on competency-based onboarding for MEP engineers and design-build mechanical teams","2026-09","guidelines: https://www.csemag.com/connect/how-to-contribute/contributing-an-article/ (fetched 2026-10-09) | about/editors: https://www.csemag.com/about-us/ (fetched 2026-10-09) | podcast: https://www.csemag.com/podcast/ (fetched 2026-10-09)","verified"
"Construction Dive (opinion)","https://www.constructiondive.com","Mechanical Contracting","free","Construction industry executives (commercial/residential), covers labor, tech, safety","196,000 newsletter subscribers; 143,000 unique monthly visitors (per advertise page)","Opinion pieces (op-eds); news; Deep Dive; Playbooks/Trendline (sponsored)","average roughly 1,000 words","https://www.constructiondive.com/opinion/submit-opinion/","Editorial team","submission form on page; email obfuscated - see page","Free (op-ed). Paid: content marketing/Playbooks via advertise page, pricing not found","Exclusive to Construction Dive; 30+ days exclusive rights after publication. Generative AI NOT permitted in writing op-eds (AI-generated rejected). Reserves right to reject promotional/biased pieces. Decision within 3 weeks or assume no. Parent: Informa TechTarget (Industry Dive)","3","Op-ed on the construction/skilled-trades labor gap: 'Retention is a training problem' using White Knight attrition figures; written by a human with zero promotional framing","2026-10","guidelines: https://www.constructiondive.com/opinion/submit-opinion/ (fetched 2026-10-09) | audience numbers: https://www.constructiondive.com/advertise/ (fetched 2026-10-09) | recency: https://www.constructiondive.com (fetched 2026-10-09)","verified"
"Construction Dive (paid content marketing)","https://www.constructiondive.com/advertise/","Mechanical Contracting","paid","Construction industry leaders","196,000 newsletter subscribers; 143,000 unique monthly visitors","Content marketing, Playbooks, Trendline sponsorships, webinars","not found","https://www.constructiondive.com/advertise/","Sales (Industry Dive)","media kit request form on page; 202.331.2480","not found (media kit gated by form)","Paid; no editorial calendar (news-driven). Same Informa TechTarget parent as opinion channel","2","Later-stage option: sponsored Playbook on training/readiness once first earned placements exist","2026-10","advertise: https://www.constructiondive.com/advertise/ (fetched 2026-10-09)","verified"
"ASHRAE Journal","https://www.ashrae.org/technical-resources/ashrae-journal","Mechanical Contracting","free","HVAC&R engineers and professionals (ASHRAE members)","not found","Technical features (peer-reviewed), editorials, news/product info, letters, podcast","not found on page read (search summary says ~3,000 words; unverified)","https://www.ashrae.org/technical-resources/ashrae-journal/submission-guidelines-for-ashrae-journal","Editor","letters@ashrae.org (letters); submission portal via guidelines page","Free","Site-wide AI policy: prohibits entering ASHRAE content/IP into any AI tool or creating AI derivative works without written permission. Commercial/vendor-promotional content not accepted (per search summary of guidelines, page body not rendered in fetch). Technical audience, low ops/training fit","2","Low priority: non-commercial piece on competency training for HVAC&R commissioning/service techs, only with a technical co-author","not found","journal page/AI policy/submit editorial: https://www.ashrae.org/technical-resources/ashrae-journal (fetched 2026-10-09) | guidelines page (body not rendered): https://www.ashrae.org/technical-resources/ashrae-journal/submission-guidelines-for-ashrae-journal (fetched 2026-10-09)","verified"
"SMACNA (Fab Forum / Annual Convention / podcasts)","https://www.smacna.org","Mechanical Contracting","free","Sheet metal and HVAC contractors (3,500 signatory firms, 100+ chapters)","3,500 member firms","Conference session proposals (Fab Forum), annual convention, podcasts, Construction Technology & AI playbook, news","not found","https://www.smacna.org/news/news-archive/article/2026/10/07/deadline-to-submit-your-fab-forum-session-proposal-approaching-fast","not found","https://www.smacna.org/about-smacna/contact-smacna","Free to propose; membership/associate membership or Premier Partner levels likely needed for vendor presence (not verified)","Fab Forum 2027 (Apr 4-6, Fort Worth) proposals closed Oct 9, 2026 - missed for 2027; watch next call. Technology & AI resource exists (angle opening). Vendor/sponsor rules not found","4","Offer a member-contractor + Quinn session on onboarding sheet-metal fabricators with SOP-based courses; pitch podcast / Technology Playbook contribution","2026-10-07","Fab Forum call: https://www.smacna.org/news/news-archive/article/2026/10/07/deadline-to-submit-your-fab-forum-session-proposal-approaching-fast (fetched 2026-10-09) | about/membership size: https://www.smacna.org (fetched 2026-10-09)","verified"
"PHCC (Solutions magazine / PHCC Online / CONNECT)","https://www.phccweb.org","Mechanical Contracting","paid","Plumbing-heating-cooling contractors (~3,500 decision-makers per advertising page)","nearly 3,500 decision-makers","Quarterly Solutions magazine (print/digital), PHCC Online e-newsletter, website ads, CONNECT conference","not found","https://www.phccweb.org/advertising-opportunities/","Justin Boulka (The Wyman Company)","jboulka@thewymancompany.com","not found (Digital Media Kit via form); associate-member discounts","Ads/partnership via The Wyman Company; free editorial route not found; associate membership needed for discounts. Education/training is core PHCC theme","3","Test associate membership + Solutions article or CONNECT session on technician onboarding; verify speaker-call process with PHCC","2026-09","advertising: https://www.phccweb.org/advertising-opportunities/ (fetched 2026-10-09) | recency (page modified 2026-09-17): https://www.phccweb.org (fetched 2026-10-09)","verified"
"Plumbing & Mechanical (PM)","https://www.pmmag.com","Mechanical Contracting","free","Plumbing, piping, hydronic/radiant, geothermal, water treatment contractors, engineers","42,000+ eMagazine subscribers; ~150,000 total digital reach (contact page; advertise page says 49,000 in meta - inconsistent)","Guest Editorial, columns, project profiles, podcasts, webinars, sponsor insights","not found","https://www.pmmag.com/contactus","Hannah Belloli-Oster (Editor-in-Chief); Kristen Bayles (Editor)","bellolih@bnpmedia.com; baylesk@bnpmedia.com","Free guest editorial route unconfirmed; paid Sponsor Insights/content marketing (non-commercial content) via Jim McLaughlin mclaughlinj@bnpmedia.com, pricing not found","No written contributor guidelines found (guest-editorial page 404). Parent BNP Media (siblings ACHR NEWS, Engineered Systems) - coordinate. Sponsored content must be non-commercial","4","Pitch a Guest Editorial on plumbing/hydronic technician training gaps via email to editors with White Knight numbers","2026-10","contacts/reach: https://www.pmmag.com/contactus (fetched 2026-10-09) | advertise/sponsor: https://www.pmmag.com/advertise (fetched 2026-10-09)","verified"
"Engineered Systems (ES NEWS)","https://www.esmagazine.com","Mechanical Contracting","free","HVAC/mechanical systems engineers, facilities, commissioning professionals (100-year-old HVACR title)","not found","News, case studies, commissioning columns, podcasts, webinars, Today's Boiler","not found","https://www.esmagazine.com/contactus","not found","Submit a Letter form (no guideline page found)","Free route not confirmed; advertise page https://www.esmagazine.com/advertise (pricing not found)","No contributor guidelines found; BNP Media parent (siblings ACHR NEWS, Plumbing & Mechanical). Likely follows BNP policies - unconfirmed","3","Commissioning/facilities case study of training techs on building systems with a customer facility","2026-10","homepage/contact: https://www.esmagazine.com (fetched 2026-10-09) | contact: https://www.esmagazine.com/contactus (fetched 2026-10-09)","verified"
"ASPE Pipeline (plumbing engineers)","https://aspe.org/pipeline/","Mechanical Contracting","free","Plumbing engineers/designers (ASPE)","not found","Contributed articles","not found","https://aspe.org/pipeline/?p=4681","not found","gpienta@aspe.org (per page)","Free","ASPE holds copyright; authors keep nonexclusive license. Guidelines page last modified 2022 - verify currency","2","Skip unless plumbing-engineer angle desired","not found","guidelines: https://aspe.org/pipeline/?p=4681 (fetched 2026-10-09)","unverified"
"MCAA (Mechanical Business magazine, Inside MCAA podcast, events)","https://www.mcaa.org","Mechanical Contracting","free","Mechanical contractors (union/signatory-focused MCAA members)","not found","Mechanical Business magazine; Inside MCAA: The Blueprint for Mechanical Contracting podcast (hosted by Frank Favaro; episodes seen Jul 2024-Mar 2025 via search); conventions, technology committee, project management education","not found","not found","not found","help@mcaa.org (per search result; not read on site)","not found (membership likely required; associate membership)","mcaa.org returned HTTP 403 to fetcher - nothing verified. Do not conflate with Marie Curie Alumni Association results","5","Highest-fit association: pitch podcast guest / Mechanical Business byline / convention session on training and workforce with a mechanical-contractor customer; confirm process by calling MCAA","2025-03","podcast episodes (search result only): https://www.mcaa.org/news/inside-mcaa-the-blueprint-for-mechanical-contracting-ep-5-the-evolution-of-technology-in-the-mechanical-industry (fetch 403 on 026-10-09)","unverified"
"ForConstructionPros","https://www.forconstructionpros.com","Mechanical Contracting","free","Heavy construction/equipment contractors (Endeavor/Informa-type trade site)","not found","not found","not found","not found","not found","not found","not found","HTTP 403 to fetcher - unread. Low mechanical fit (heavy civil)","1","Deprioritize","not found","fetch http-403: https://www.forconstructionpros.com (fetched 2026-10-09)","unverified"
"Electrical Contractor Magazine (NECA)","https://www.ecmag.com","Mechanical Contracting","free","Electrical contractors (adjacent trade)","not found","Magazine with 25+ contributing editors (per search)","not found","https://www.ecmag.com/magazine/masthead-editorial-policies","not found","not found","not found","masthead/policies page returned HTTP 403 - unread. Parent NECA","2","Adjacent only; pursue after core mechanical outlets","not found","fetch http-403: https://www.ecmag.com/magazine/masthead-editorial-policies (fetched 2026-10-09)","unverified"
"Plumbing Engineer","https://www.pemag.com","Mechanical Contracting","free","Plumbing engineers","not found","not found","not found","not found","not found","not found","not found","blocked-by-network-policy","2","not assessed","not found","blocked: https://www.pemag.com (fetched 2026-10-09)","blocked-by-network-policy"
"United Association (UA) training","https://www.ua.org","Mechanical Contracting","free","Union plumbers, pipefitters, HVACR service techs, apprentices; training directors","not found","not found","not found","not found","not found","not found","not found","blocked-by-network-policy; apprenticeship/training angle remains strategically valuable (training directors, JATCs)","4","Pursue via UA/MCAA training-director channels; not assessed","not found","blocked: https://www.ua.org (fetched 2026-10-09)","blocked-by-network-policy"
